BMT3128968B,-47.01180778,-20.91730108
BMT103183656,-47.01177133,-20.918891063
BMT103183670,-47.01177133,-20.918891063
BMT3128989B,-47.0116657,-20.918178815
BMT3485961B,-47.011349297,-20.918959257
BMT1947389B,-47.010620439,-20.919085253
BMT3128982B,-47.010578279,-20.915924702
BMT3486017B,-47.009819631,-20.919582387
BMT3406966B,-47.009787175,-20.914985701
BMT103183677,-47.008999836,-20.920097804
BMT1947375B,-47.008917993,-20.913957299
BMT3406938B,-47.008346881,-20.913656944
BMT103183684,-47.00776004,-20.920834916
BMT1947410B,-47.007511411,-20.923818258
BMT3406952B,-47.007417658,-20.913171133
BMT103183691,-47.006992276,-20.923092806
BMT103183705,-47.006741315,-20.923736998
BMT8046579B,-47.006399047,-20.908134448
BMT8046453B,-47.006390398,-20.908206802
BMT172511332,-47.006382005,-20.912632379
BMT8046250B,-47.006307508,-20.907033669
BMT8046565B,-47.00621297,-20.907874718
BMT949490B,-47.006105098,-20.910603525
BMT8046558B,-47.006017283,-20.9076151
BMT8046236B,-47.005971755,-20.907082771
BMT944968B,-47.005962145,-20.91069552
BMT113436591,-47.005949291,-20.910451818
BMT8046551B,-47.005821717,-20.907364512
BMT1947417B,-47.005788612,-20.924380407
BMT949511B,-47.00572537,-20.91023769
BMT944989B,-47.005704708,-20.910852081
BMT944996B,-47.005658338,-20.910979068
BMT152618804,-47.005636002,-20.907131872
BMT949854B,-47.005591788,-20.909588984
BMT113436577,-47.005590344,-20.910925677
BMT949525B,-47.005501451,-20.910023562
BMT945017B,-47.005466491,-20.911008415
BMT154995188,-47.005370624,-20.912472659
BMT945787B,-47.0053114,-20.912355944
BMT949532B,-47.005306723,-20.909836185
BMT949868B,-47.005305762,-20.909763943
BMT3486318B,-47.005300604,-20.924548709
BMT8046138B,-47.005300368,-20.907190002
BMT945038B,-47.005228273,-20.91116475
BMT945052B,-47.005153192,-20.911301105
BMT945794B,-47.005107058,-20.91216868
BMT113436570,-47.005094809,-20.911247601
BMT945171B,-47.005034875,-20.929139872
BMT8046124B,-47.004954884,-20.907230185
BMT945073B,-47.004942244,-20.911339708
BMT945801B,-47.004892627,-20.911945408
BMT945178B,-47.004839279,-20.928889286
BMT3486451B,-47.004773907,-20.922531822
BMT103183719,-47.004736185,-20.924754034
BMT113436563,-47.004713515,-20.911486899
BMT8046096B,-47.004667061,-20.90726969
BMT945808B,-47.004658975,-20.911722361
BMT945185B,-47.00461521,-20.928666129
BMT945717B,-47.004607218,-20.909275406
BMT945724B,-47.004589078,-20.909356904
BMT154995187,-47.004522868,-20.911606548
BMT945738B,-47.004432073,-20.909114893
BMT945829B,-47.004415833,-20.911508457
BMT152618803,-47.004388847,-20.907309081
BMT947446B,-47.004343565,-20.928479657
BMT943344B,-47.004341252,-20.909513349
BMT945899B,-47.004331306,-20.907318788
BMT3486444B,-47.004268959,-20.924316974
BMT128243425,-47.004256808,-20.90894535
BMT128243418,-47.004207789,-20.9095962
BMT1947431B,-47.004205164,-20.924579639
BMT945836B,-47.004179774,-20.911827333
BMT154995189,-47.004152991,-20.911258657
BMT943358B,-47.004149287,-20.909533666
BMT128243453,-47.004145833,-20.907104206
BMT943365B,-47.004083935,-20.909678938
BMT103183194,-47.004072642,-20.928347365
BMT945752B,-47.004062083,-20.908757971
BMT945850B,-47.003977604,-20.911080083
BMT945920B,-47.003960361,-20.906889624
BMT943372B,-47.003954561,-20.909346287
BMT154995186,-47.003941434,-20.911974636
BMT944814B,-47.003847898,-20.908552758
BMT128243411,-47.003845718,-20.90983527
BMT945857B,-47.003773146,-20.910883787
BMT128243446,-47.003761428,-20.907108716
BMT943386B,-47.003750105,-20.909149991
BMT103183180,-47.003734078,-20.928188772
BMT109916172,-47.003721744,-20.909908978
BMT946179B,-47.003655161,-20.912131532
BMT944093B,-47.003634171,-20.909828721
BMT944828B,-47.003604403,-20.908311761
BMT944100B,-47.003578789,-20.910000971
BMT946186B,-47.003559657,-20.912177811
BMT944835B,-47.003542915,-20.907300943
BMT945864B,-47.003539497,-20.910660739
BMT944842B,-47.00343899,-20.908160164
BMT944107B,-47.003390675,-20.909587724
BMT944856B,-47.003361029,-20.908079795
BMT947467B,-47.003347337,-20.928021712
BMT943463B,-47.003330961,-20.910157416
BMT946200B,-47.003330086,-20.912261788
BMT944863B,-47.00326758,-20.907557058
BMT943281B,-47.003173656,-20.913509984
BMT128243439,-47.003166426,-20.907901445
BMT109916165,-47.003150044,-20.91028598
BMT943491B,-47.003083372,-20.91033192
BMT947474B,-47.003057192,-20.927889644
BMT944884B,-47.003029965,-20.90775854
BMT946221B,-47.003024111,-20.912382788
BMT946235B,-47.002966808,-20.912410555
BMT943288B,-47.002858188,-20.913640127
BMT109916151,-47.002816322,-20.910488589
BMT947481B,-47.002747705,-20.927748771
BMT943519B,-47.002711448,-20.910553041
BMT946256B,-47.002699275,-20.912531104
BMT943540B,-47.002597203,-20.910635665
BMT943295B,-47.002533108,-20.913770382
BMT103183166,-47.002438218,-20.927607897
BMT953172B,-47.002393418,-20.912661133
BMT943561B,-47.002311171,-20.910810619
BMT943939B,-47.002295304,-20.916852946
BMT2377861,-47.002272575,-20.902836162
BMT947558B,-47.002188807,-20.913900862
BMT948412B,-47.00214705,-20.917270138
BMT947495B,-47.002099778,-20.927458331
BMT109916137,-47.002091931,-20.910948664
BMT943582B,-47.002090732,-20.910858362
BMT953032B,-47.00205885,-20.91280053
BMT153681173,-47.002038662,-20.91851777
BMT105242188,-47.002018031,-20.916964577
BMT944030B,-47.002006351,-20.918256233
BMT944450B,-47.001967456,-20.90302037
BMT169978151,-47.001910276,-20.903057167
BMT948419B,-47.001887543,-20.917995709
BMT953277B,-47.001876666,-20.910662176
BMT153681177,-47.001873337,-20.914031003
BMT944037B,-47.001855696,-20.918492821
BMT943603B,-47.001845298,-20.911195408
BMT947502B,-47.001828978,-20.927335065
BMT109916130,-47.001808175,-20.911295191
BMT947691B,-47.001773829,-20.927525375
BMT948426B,-47.00176022,-20.917094042
BMT153681172,-47.001749033,-20.917699291
BMT154995185,-47.001734132,-20.912957874
BMT109916144,-47.001730333,-20.911223851
BMT109916123,-47.001724439,-20.9115039
BMT944471B,-47.001690927,-20.90318618
BMT953284B,-47.00163329,-20.910430207
BMT948440B,-47.001630226,-20.917438767
BMT947593B,-47.001586579,-20.914151776
BMT947509B,-47.001519372,-20.927185159
BMT105242181,-47.001511419,-20.917178244
BMT103183789,-47.001511419,-20.917178244
BMT1040490B,-47.001496906,-20.911741388
BMT161166702,-47.001477106,-20.910973934
BMT944478B,-47.001452477,-20.903324448
BMT172594560,-47.001447255,-20.913069616
BMT947698B,-47.001445,-20.927375695
BMT953662B,-47.001412397,-20.918407702
BMT103183852,-47.001408653,-20.914506094
BMT948454B,-47.001382762,-20.916899772
BMT153681176,-47.00129994,-20.914281578
BMT1047014B,-47.001263956,-20.916639248
BMT1040497B,-47.001250391,-20.911997162
BMT956168B,-47.001248533,-20.918373497
BMT103183159,-47.001247973,-20.927016742
BMT1040539B,-47.001243341,-20.910741852
BMT944492B,-47.001185437,-20.903481114
BMT153681169,-47.00114503,-20.916369694
BMT152825185,-47.001144647,-20.927198585
BMT953088B,-47.001112565,-20.913199981
BMT2056701B,-47.001061466,-20.903554819
BMT953802B,-47.001016494,-20.916100252
BMT955636B,-47.001003569,-20.914402462
BMT1040553B,-47.000990115,-20.910491934
BMT1040504B,-47.000975523,-20.912289395
BMT150342198,-47.00096766,-20.91821422
BMT157380585,-47.000966604,-20.926821346
BMT953501B,-47.000958326,-20.902300633
BMT150342197,-47.000929816,-20.918259822
BMT153681168,-47.000887719,-20.91581275
BMT103183327,-47.000882481,-20.918314566
BMT150342196,-47.000882481,-20.918314566
BMT103183152,-47.000843815,-20.926985354
BMT953130B,-47.000835417,-20.91332064
BMT2238477B,-47.000785662,-20.910295634
BMT953144B,-47.000768383,-20.913339488
BMT953816B,-47.000739124,-20.915480322
BMT953123B,-47.000738497,-20.912536026
BMT954586B,-47.000737237,-20.900849132
BMT956084B,-47.000723441,-20.926607438
BMT157954725,-47.000706315,-20.902141015
BMT955433B,-47.000697663,-20.90221337
BMT153681167,-47.000668876,-20.914532827
BMT2056652B,-47.000613513,-20.903840046
BMT954964B,-47.000610742,-20.926807454
BMT103183754,-47.000571308,-20.915148119
BMT103183880,-47.000571308,-20.915148119
BMT956189B,-47.000554753,-20.918246154
BMT955454B,-47.000549204,-20.90188997
BMT2238484B,-47.000542408,-20.910072693
BMT953158B,-47.000529942,-20.912755228
BMT157380584,-47.000508873,-20.926375132
BMT954971B,-47.000454562,-20.926628653
BMT953165B,-47.000452913,-20.913469627
BMT955664B,-47.000452625,-20.914896625
BMT956840B,-47.000411077,-20.904519788
BMT954635B,-47.00040341,-20.901042705
BMT2056638B,-47.000383114,-20.903860808
BMT157954724,-47.000372635,-20.901621089
BMT153681166,-47.000343912,-20.914672108
BMT956098B,-47.000313288,-20.92612454
BMT954705B,-47.000283184,-20.91299294
BMT157621007,-47.000256098,-20.918195463
BMT954978B,-47.000239874,-20.926387316
BMT954712B,-47.000224631,-20.914375462
BMT157954723,-47.000205916,-20.901370156
BMT6447751B,-47.000183711,-20.909842073
BMT956105B,-47.000166001,-20.925891444
BMT2056624B,-47.000144782,-20.904008105
BMT7820416B,-47.000138527,-20.907160212
BMT956854B,-47.000134663,-20.904694626
BMT7820080B,-47.000121223,-20.907304921
BMT954719B,-47.000118341,-20.913609021
BMT157954768,-47.000098173,-20.90121788
BMT954726B,-47.000086608,-20.914115162
BMT103183257,-47.000072884,-20.926118325
BMT109916116,-47.000027054,-20.913248825
BMT153681165,-47.000006968,-20.913908368
BMT157380583,-46.999970058,-20.925613761
BMT6447758B,-46.999941058,-20.909664282
BMT172594559,-46.999927328,-20.913701574
BMT2056589B,-46.999906688,-20.904173461
BMT954754B,-46.999897418,-20.91362064
BMT954992B,-46.999886672,-20.925849559
BMT157621006,-46.999870945,-20.918145786
BMT172594558,-46.999860413,-20.913729452
BMT161166703,-46.999852409,-20.909502751
BMT103182277,-46.999839148,-20.904878718
BMT6447765B,-46.99982286,-20.909448908
BMT7820073B,-46.999805884,-20.907444088
BMT955363B,-46.999802425,-20.901383911
BMT172010598,-46.999793338,-20.925335852
BMT172594561,-46.999778857,-20.913378175
BMT956231B,-46.999767622,-20.918327628
BMT7819149B,-46.999724002,-20.909242338
BMT954999B,-46.999700341,-20.925571763
BMT161166704,-46.999645084,-20.909089725
BMT950659B,-46.999637436,-20.902713491
BMT6447772B,-46.999615535,-20.909035881
BMT2056582B,-46.999611054,-20.904348523
BMT956140B,-46.999607128,-20.925067085
BMT954782B,-46.999583264,-20.913850109
BMT7820066B,-46.999547966,-20.907564518
BMT955006B,-46.99950428,-20.925285049
BMT955370B,-46.999497425,-20.901577145
BMT7819184B,-46.999497098,-20.908802445
BMT103182263,-46.999495941,-20.905090464
BMT170541236,-46.99946645,-20.918087302
BMT157954767,-46.999466237,-20.900674348
BMT103182410,-46.999461466,-20.90248976
BMT7819702B,-46.99945758,-20.908721623
BMT956147B,-46.999420918,-20.924798319
BMT956679B,-46.999393257,-20.904594926
BMT955342B,-46.999383699,-20.900973357
BMT8083343B,-46.999378212,-20.916507804
BMT103182256,-46.999362598,-20.905182341
BMT7819709B,-46.999362076,-20.9087679
BMT955902B,-46.999348901,-20.916472021
BMT6447779B,-46.999339144,-20.908488188
BMT955349B,-46.999319781,-20.901226991
BMT103183250,-46.99931783,-20.924998222
BMT172594557,-46.999306114,-20.913970765
BMT950694B,-46.999295106,-20.902265916
BMT7820059B,-46.999290048,-20.907684949
BMT955356B,-46.999284574,-20.901471257
BMT955391B,-46.999269304,-20.901769479
BMT157954766,-46.999268346,-20.901697237
BMT956910B,-46.999267455,-20.905255707
BMT170541235,-46.999261868,-20.917881971
BMT955909B,-46.999259769,-20.916274369
BMT103182403,-46.999253076,-20.90199546
BMT103182249,-46.999245243,-20.905030177
BMT7819303B,-46.999205385,-20.907098884
BMT103182340,-46.999192066,-20.901743288
BMT7819289B,-46.999187481,-20.907198442
BMT7819219B,-46.99918107,-20.9081649
BMT7819996B,-46.999141552,-20.908084078
BMT955916B,-46.999141446,-20.916049964
BMT952437B,-46.999131621,-20.924729455
BMT169978147,-46.999068911,-20.904779355
BMT956161B,-46.999057992,-20.924251642
BMT103183481,-46.999048185,-20.914091196
BMT172594533,-46.999048185,-20.914091196
BMT955930B,-46.999042225,-20.915816304
BMT161166706,-46.999023117,-20.907850642
BMT167072331,-46.99902205,-20.912845139
BMT7819282B,-46.999015576,-20.907281738
BMT161166710,-46.999009471,-20.906821197
BMT170541234,-46.998993962,-20.917975424
BMT957064B,-46.998990919,-20.905421513
BMT103182963,-46.998974591,-20.915790001
BMT103182977,-46.998974591,-20.915790001
BMT952444B,-46.998945293,-20.924451657
BMT952031B,-46.998939063,-20.923982087
BMT161166709,-46.998914412,-20.907626124
BMT952297B,-46.998909805,-20.913803805
BMT103182326,-46.998906285,-20.901936296
BMT169978149,-46.998872881,-20.904492637
BMT952038B,-46.998829267,-20.923676298
BMT952311B,-46.998820915,-20.913624213
BMT2051234B,-46.998815919,-20.912522414
BMT952633B,-46.99881393,-20.919621285
BMT954432B,-46.998813797,-20.90656157
BMT952325B,-46.998811696,-20.912928886
BMT956714B,-46.998811595,-20.904944935
BMT957036B,-46.998807673,-20.919874244
BMT172010596,-46.998802254,-20.920190414
BMT169566254,-46.998791604,-20.913588429
BMT2417404B,-46.998787224,-20.920506696
BMT2417411B,-46.998781805,-20.920822866
BMT952052B,-46.998767407,-20.923360916
BMT2417418B,-46.998766894,-20.921148178
BMT952451B,-46.998758606,-20.924146769
BMT952003B,-46.998755697,-20.921753427
BMT957085B,-46.998752582,-20.905568808
BMT952066B,-46.998743753,-20.923027024
BMT952017B,-46.998740428,-20.922051649
BMT172010597,-46.998729949,-20.922711079
BMT952045B,-46.998725278,-20.922358901
BMT952339B,-46.998692266,-20.913345739
BMT956721B,-46.998676852,-20.904205919
BMT952514B,-46.998659114,-20.915920137
BMT957092B,-46.998646955,-20.906301605
BMT170541233,-46.998638001,-20.917952497
BMT170541238,-46.998638001,-20.917952497
BMT952458B,-46.998630306,-20.923895386
BMT172010594,-46.998624377,-20.919099671
BMT952913B,-46.998621534,-20.918160417
BMT952640B,-46.998619826,-20.918756523
BMT169566255,-46.998613347,-20.913193125
BMT952360B,-46.998610833,-20.91300349
BMT172010595,-46.998609705,-20.919443044
BMT952920B,-46.998606144,-20.918449609
BMT168542532,-46.998604166,-20.919750184
BMT167072332,-46.998601136,-20.912272043
BMT168542533,-46.998588776,-20.920039376
BMT103182319,-46.998582422,-20.902156845
BMT168542534,-46.998573746,-20.920355658
BMT952465B,-46.998568087,-20.923552914
BMT952689B,-46.998562428,-20.920951877
BMT103183446,-46.998562028,-20.913672401
BMT103184090,-46.998562028,-20.913672401
BMT952696B,-46.998547637,-20.921286219
BMT950715B,-46.998544668,-20.905110628
BMT952472B,-46.998544194,-20.923200961
BMT170541239,-46.998532729,-20.918712385
BMT103183285,-46.998530391,-20.922885016
BMT103183236,-46.998530391,-20.922885016
BMT952843B,-46.99853007,-20.90400894
BMT957099B,-46.99852936,-20.906131381
BMT952731B,-46.998527067,-20.921909641
BMT168542536,-46.998517186,-20.922614222
BMT168542535,-46.998512156,-20.922234954
BMT952934B,-46.998489824,-20.919101246
BMT952367B,-46.998434526,-20.912030139
BMT952850B,-46.998402509,-20.903811737
BMT951737B,-46.99839145,-20.916031649
BMT957113B,-46.998382337,-20.905916342
BMT169566253,-46.998361403,-20.913765065
BMT170541240,-46.998359222,-20.919400818
BMT952570B,-46.99835092,-20.914424496
BMT951345B,-46.998339706,-20.917928894
BMT103183404,-46.998331101,-20.91437957
BMT957120B,-46.99831387,-20.905826827
BMT952374B,-46.998287138,-20.91178801
BMT950722B,-46.998287112,-20.905258147
BMT103182305,-46.998286909,-20.902340934
BMT103183299,-46.998277034,-20.919726919
BMT952577B,-46.998273796,-20.914407335
BMT957134B,-46.998225585,-20.905692385
BMT952969B,-46.998221935,-20.911219781
BMT169978150,-46.998216211,-20.903533936
BMT951583B,-46.998212541,-20.914137104
BMT9274499B,-46.998190408,-20.922618048
BMT952381B,-46.998130139,-20.911545993
BMT951758B,-46.998123667,-20.916134131
BMT103183390,-46.998073564,-20.91380456
BMT952871B,-46.998039883,-20.903283113
BMT169978146,-46.998039404,-20.905423614
BMT951611B,-46.998025631,-20.913814153
BMT103184104,-46.998025236,-20.914509592
BMT170541232,-46.998022189,-20.917905515
BMT103184041,-46.997992123,-20.911285691
BMT103184076,-46.997992123,-20.911285691
BMT103183411,-46.997984317,-20.913597877
BMT951541B,-46.997981786,-20.902525136
BMT167072333,-46.997892429,-20.911015909
BMT951625B,-46.997885339,-20.913382276
BMT103182998,-46.997873956,-20.917600175
BMT951632B,-46.997865639,-20.91334638
BMT9274501B,-46.997863629,-20.922621873
BMT137744581,-46.99782741,-20.916264041
BMT103182291,-46.997824279,-20.902969528
BMT952990B,-46.997801627,-20.910691833
BMT169978145,-46.997791337,-20.90556199
BMT951639B,-46.997757971,-20.913925664
BMT951387B,-46.997745425,-20.917330731
BMT2051367B,-46.997732719,-20.909843666
BMT2051353B,-46.997701934,-20.91042205
BMT951394B,-46.997656534,-20.917151138
BMT950533B,-46.997648822,-20.912942494
BMT103182298,-46.997648072,-20.902727734
BMT953340B,-46.997640418,-20.902149799
BMT951401B,-46.997626505,-20.917061174
BMT167073103,-46.997621343,-20.910143013
BMT953347B,-46.997617492,-20.901870087
BMT1068098B,-46.997590409,-20.915788138
BMT953354B,-46.997583161,-20.901455033
BMT951793B,-46.997567045,-20.916926395
BMT103182564,-46.997559216,-20.91270872
BMT137744574,-46.997550254,-20.916384694
BMT9274502B,-46.99753685,-20.922625697
BMT950764B,-46.997524289,-20.905718651
BMT103182424,-46.997510783,-20.902521612
BMT951807B,-46.997487765,-20.91674669
BMT951653B,-46.997480819,-20.914046317
BMT953515B,-46.997467699,-20.90797722
BMT950554B,-46.99742096,-20.912430357
BMT103182991,-46.997388786,-20.916531089
BMT103182431,-46.997373495,-20.90231549
BMT167073104,-46.997369081,-20.909965331
BMT103182914,-46.997349146,-20.916441237
BMT959675B,-46.997341727,-20.915881363
BMT950568B,-46.997292315,-20.912151882
BMT955223B,-46.997282469,-20.916487175
BMT103182900,-46.997270345,-20.916297653
BMT950771B,-46.99726673,-20.905866169
BMT951667B,-46.997174835,-20.914167307
BMT2051381B,-46.997164717,-20.908323965
BMT103182557,-46.997153702,-20.911846428
BMT955237B,-46.997141816,-20.916028208
BMT2051374B,-46.997112437,-20.908730999
BMT103182886,-46.997102416,-20.915956416
BMT953403B,-46.997039661,-20.902509057
BMT950778B,-46.997028511,-20.906022492
BMT103182550,-46.997025177,-20.911576982
BMT959696B,-46.996983977,-20.915722979
BMT953221B,-46.996893268,-20.90379326
BMT951681B,-46.996888072,-20.914288072
BMT954411B,-46.996856113,-20.908246288
BMT959619B,-46.996855449,-20.915453533
BMT2431439B,-46.996846415,-20.909691462
BMT103182529,-46.996807768,-20.911127943
BMT954460B,-46.996797551,-20.913259526
BMT953228B,-46.996773645,-20.90346952
BMT954201B,-46.996766198,-20.907262892
BMT950792B,-46.99674236,-20.906188407
BMT954418B,-46.996727473,-20.907967812
BMT960004B,-46.996725045,-20.902702399
BMT959626B,-46.996707461,-20.915166252
BMT103184433,-46.996699323,-20.916728818
BMT103182522,-46.996689333,-20.910894505
BMT959633B,-46.996677672,-20.915094347
BMT103182452,-46.996656175,-20.903308323
BMT954544B,-46.996641617,-20.917452022
BMT955188B,-46.996626846,-20.905449163
BMT103183383,-46.996610918,-20.914408725
BMT103182879,-46.996598514,-20.914923672
BMT954208B,-46.996579494,-20.90768053
BMT953242B,-46.99657798,-20.903209889
BMT103184454,-46.996572666,-20.917326386
BMT959843B,-46.996560811,-20.910625059
BMT2431446B,-46.996550049,-20.909812338
BMT955258B,-46.996533266,-20.917254594
BMT119894035,-46.99653062,-20.911248594
BMT954467B,-46.9965204,-20.913380178
BMT950799B,-46.99650402,-20.906335699
BMT959850B,-46.996491027,-20.910436211
BMT103182858,-46.996469988,-20.914654226
BMT103183369,-46.996469988,-20.914654226
BMT103182165,-46.996461063,-20.907447092
BMT2130152B,-46.996456398,-20.903464196
BMT955265B,-46.996431656,-20.916840327
BMT103182851,-46.996419782,-20.914492244
BMT103182445,-46.996391328,-20.902904995
BMT103184447,-46.996375307,-20.916940334
BMT171679206,-46.996372235,-20.910175682
BMT960375B,-46.996362544,-20.917428191
BMT103184412,-46.996345637,-20.91687746
BMT954222B,-46.996322815,-20.907168727
BMT960438B,-46.996321953,-20.905651423
BMT103182102,-46.996313372,-20.906455339
BMT962013B,-46.996307069,-20.911061544
BMT103182830,-46.996295561,-20.914547886
BMT103182158,-46.996283179,-20.907078874
BMT171679205,-46.996253563,-20.909924184
BMT960249B,-46.996251958,-20.906898606
BMT955286B,-46.996227438,-20.916662083
BMT103182459,-46.996224733,-20.902663088
BMT961866B,-46.996214655,-20.913519227
BMT959717B,-46.996136755,-20.916347036
BMT959871B,-46.996115074,-20.909627759
BMT959724B,-46.996099149,-20.916410697
BMT103184391,-46.99607933,-20.916365771
BMT103182088,-46.996065779,-20.906629833
BMT103182151,-46.996065779,-20.906629833
BMT962027B,-46.996054807,-20.91088386
BMT960039B,-46.996028831,-20.902385396
BMT960165B,-46.996018407,-20.914668537
BMT164593616,-46.996016821,-20.905835622
BMT103184419,-46.995980472,-20.916159199
BMT961873B,-46.995975825,-20.913630398
BMT959878B,-46.995947156,-20.909286519
BMT961880B,-46.99590891,-20.913658275
BMT960046B,-46.995881816,-20.902170355
BMT961446B,-46.995842095,-20.915871805
BMT962440B,-46.995817708,-20.906768207
BMT959745B,-46.995811663,-20.916477279
BMT959885B,-46.995808787,-20.908999124
BMT962041B,-46.995783325,-20.9107064
BMT960179B,-46.995779456,-20.914770678
BMT103182473,-46.995765474,-20.901367898
BMT960956B,-46.995725071,-20.901946395
BMT961460B,-46.99571345,-20.915593328
BMT961467B,-46.99567405,-20.915521535
BMT164593615,-46.995673487,-20.906038329
BMT171679204,-46.995670299,-20.908702699
BMT961894B,-46.99566996,-20.913760416
BMT960326B,-46.99566197,-20.900809145
BMT103182466,-46.995597515,-20.901749189
BMT962055B,-46.995560374,-20.910564499
BMT959899B,-46.995531931,-20.908415303
BMT960550B,-46.995524655,-20.916579982
BMT962447B,-46.995502963,-20.906952517
BMT103182137,-46.99548743,-20.905778586
BMT961495B,-46.995473588,-20.914900696
BMT960970B,-46.995469959,-20.901551983
BMT961502B,-46.995406672,-20.914928573
BMT103182753,-46.995392687,-20.913872036
BMT962454B,-46.995383834,-20.90811899
BMT119894042,-46.995308353,-20.910404875
BMT103182046,-46.995265046,-20.90785846
BMT164593613,-46.995226419,-20.907118317
BMT963175B,-46.995218784,-20.916709999
BMT961530B,-46.995215415,-20.915003061
BMT169743343,-46.995136171,-20.907561921
BMT961922B,-46.995134635,-20.913983431
BMT2129781B,-46.995113168,-20.905096553
BMT103181927,-46.995056105,-20.905142378
BMT962083B,-46.995036872,-20.910227414
BMT169743340,-46.995007296,-20.907265383
BMT960508B,-46.994997489,-20.905070809
BMT962762B,-46.994986403,-20.917308802
BMT103182746,-46.99497221,-20.914057581
BMT961544B,-46.994938259,-20.915123711
BMT961950B,-46.994922962,-20.913967841
BMT963182B,-46.994922284,-20.916821844
BMT2129998B,-46.994904485,-20.903852624
BMT962356B,-46.994900924,-20.913028808
BMT957323B,-46.994898478,-20.907031831
BMT962629B,-46.994888634,-20.913552787
BMT962783B,-46.994876859,-20.91702107
BMT961957B,-46.994848109,-20.914122253
BMT2129774B,-46.994827255,-20.905280525
BMT960529B,-46.994820925,-20.904801922
BMT103184377,-46.994817162,-20.91686823
BMT962097B,-46.994794462,-20.910067676
BMT961964B,-46.99478459,-20.913680445
BMT957337B,-46.994779812,-20.906780331
BMT2056351B,-46.994778324,-20.9073945
BMT963196B,-46.994757825,-20.91674248
BMT103182760,-46.994745192,-20.913608652
BMT103181934,-46.994683518,-20.904586767
BMT961558B,-46.994680084,-20.915226075
BMT169743342,-46.99467207,-20.906628052
BMT2129963B,-46.994656536,-20.904000026
BMT962363B,-46.994656068,-20.913410997
BMT957351B,-46.994643717,-20.906664509
BMT103184307,-46.994635274,-20.916924545
BMT2129865B,-46.994634752,-20.904533147
BMT962370B,-46.994623652,-20.913140427
BMT103181920,-46.994588914,-20.905427815
BMT961978B,-46.994580565,-20.914242789
BMT2343967B,-46.994550546,-20.907613919
BMT169743339,-46.994549471,-20.907532647
BMT103182767,-46.994537635,-20.913177558
BMT2129886B,-46.994526892,-20.904371837
BMT962384B,-46.994507609,-20.913087593
BMT960998B,-46.994493913,-20.90987249
BMT2129935B,-46.994427807,-20.904147203
BMT2129662B,-46.994426197,-20.904752342
BMT961565B,-46.994422029,-20.915337469
BMT2129914B,-46.994419033,-20.904210527
BMT962391B,-46.994418127,-20.912862847
BMT2129298B,-46.994379404,-20.905574767
BMT2344100B,-46.994338714,-20.909765923
BMT171695812,-46.99431018,-20.917054785
BMT962146B,-46.994303409,-20.914363438
BMT169743345,-46.994300617,-20.906885275
BMT2056365B,-46.994292025,-20.907689191
BMT964078B,-46.994252462,-20.91777799
BMT964085B,-46.994232643,-20.917733063
BMT961012B,-46.994212705,-20.90968611
BMT162474560,-46.994183195,-20.915448638
BMT2344002B,-46.994183032,-20.908169141
BMT2129655B,-46.994159266,-20.904918028
BMT162474563,-46.994135381,-20.91546726
BMT103181906,-46.99411247,-20.905740453
BMT962853B,-46.994104596,-20.917499736
BMT962580B,-46.994074252,-20.915206056
BMT962860B,-46.994042391,-20.917157261
BMT2056372B,-46.994034579,-20.907845735
BMT169743337,-46.994016433,-20.907927232
BMT103182739,-46.994007152,-20.914493341
BMT162474559,-46.993994739,-20.915008289
BMT962867B,-46.993985801,-20.917239207
BMT103182060,-46.993976379,-20.907078725
BMT161227279,-46.993976379,-20.907078725
BMT171695810,-46.993965982,-20.91719428
BMT103182732,-46.993954982,-20.914909405
BMT119894049,-46.993940988,-20.909490586
BMT963077B,-46.99388938,-20.915036614
BMT962524B,-46.993858103,-20.915578877
BMT103182620,-46.993850672,-20.907748534
BMT103181976,-46.993850672,-20.907748534
BMT962167B,-46.99383619,-20.914648875
BMT2129571B,-46.993826555,-20.905924424
BMT103182711,-46.993806403,-20.91457697
BMT103181871,-46.993776117,-20.907198474
BMT959171B,-46.993703772,-20.907542521
BMT103182697,-46.993687253,-20.914289349
BMT961026B,-46.993679121,-20.909313011
BMT103181857,-46.993604566,-20.907308857
BMT103182690,-46.99359813,-20.914091693
BMT963084B,-46.99359312,-20.915166516
BMT2129564B,-46.993578602,-20.906071824
BMT959178B,-46.993539683,-20.907490247
BMT103182683,-46.993538556,-20.913947882
BMT103181885,-46.993517836,-20.907291806
BMT961033B,-46.993507807,-20.909441453
BMT171695809,-46.993488068,-20.917398557
BMT962230B,-46.993483519,-20.914147221
BMT962237B,-46.993410155,-20.913687464
BMT2129347B,-46.993390158,-20.907085568
BMT962244B,-46.993380607,-20.913633619
BMT957204B,-46.993364431,-20.907320691
BMT958989B,-46.993327001,-20.909579038
BMT2129375B,-46.993302296,-20.906255682
BMT963427B,-46.993291126,-20.913408873
BMT959185B,-46.99327961,-20.907448124
BMT963434B,-46.993271189,-20.913354916
BMT2129235B,-46.993261764,-20.906825149
BMT171695808,-46.993258603,-20.917491552
BMT148784181,-46.993254058,-20.914240216
BMT958457B,-46.993238249,-20.918133036
BMT103181892,-46.993194374,-20.906816903
BMT165460787,-46.993181351,-20.913103078
BMT957211B,-46.99315241,-20.907278007
BMT959017B,-46.99311808,-20.909771141
BMT963462B,-46.993101959,-20.912914341
BMT958485B,-46.993062568,-20.918658922
BMT963469B,-46.993062323,-20.912824487
BMT2129354B,-46.993047357,-20.90660186
BMT959024B,-46.992999233,-20.910233142
BMT2129361B,-46.992997039,-20.906430845
BMT171695807,-46.992990812,-20.917594026
BMT2129760B,-46.992968686,-20.906467303
BMT962272B,-46.992967291,-20.914360975
BMT959192B,-46.992961638,-20.907388613
BMT963483B,-46.992953384,-20.912581904
BMT958492B,-46.992951355,-20.918244765
BMT166158553,-46.992924075,-20.918362494
BMT957218B,-46.992911558,-20.907235659
BMT119894056,-46.99289931,-20.909945296
BMT166158552,-46.992884437,-20.918272641
BMT959045B,-46.992881044,-20.910017762
BMT963952B,-46.992824866,-20.912312455
BMT958513B,-46.992805162,-20.918092933
BMT150342202,-46.992786656,-20.916693246
BMT150342201,-46.992777523,-20.916729479
BMT103184181,-46.992768509,-20.916774742
BMT150342200,-46.992768509,-20.916774742
BMT963959B,-46.992762429,-20.911951918
BMT959318B,-46.992747439,-20.914453857
BMT963966B,-46.992725658,-20.91207879
BMT165460785,-46.992676292,-20.911980018
BMT166158551,-46.99267628,-20.917796394
BMT959199B,-46.992672616,-20.907337795
BMT959325B,-46.992670912,-20.914481845
BMT171695806,-46.992646732,-20.917742549
BMT2130719B,-46.992632266,-20.90719376
BMT959059B,-46.992614101,-20.910183446
BMT963980B,-46.99260699,-20.911827288
BMT959115B,-46.992567815,-20.917589932
BMT959066B,-46.992497814,-20.911566645
BMT958702B,-46.992491467,-20.916904419
BMT171695803,-46.992478811,-20.917401306
BMT171505265,-46.992464841,-20.917798861
BMT959122B,-46.992402282,-20.917429294
BMT959353B,-46.992393993,-20.914620551
BMT959206B,-46.992364254,-20.907278171
BMT171695802,-46.992360496,-20.917176896
BMT957225B,-46.992352854,-20.907142829
BMT165460784,-46.992349242,-20.911234207
BMT119894063,-46.992328773,-20.910412566
BMT171695800,-46.992252032,-20.916970434
BMT103184160,-46.992202665,-20.916871662
BMT165573490,-46.99220067,-20.91090177
BMT171505266,-46.992187558,-20.917910477
BMT957757B,-46.992165535,-20.916971443
BMT148784182,-46.992126446,-20.914741084
BMT959521B,-46.99211211,-20.916565643
BMT171695804,-46.992105181,-20.917495983
BMT957232B,-46.992083053,-20.907091786
BMT959528B,-46.992060953,-20.916331417
BMT103182613,-46.992052457,-20.910596423
BMT169743336,-46.992046402,-20.907227689
BMT959535B,-46.992031047,-20.916250481
BMT959542B,-46.992003646,-20.916359181
BMT148784184,-46.991970757,-20.916052489
BMT957834B,-46.991929377,-20.918012837
BMT165573488,-46.991923346,-20.910281821
BMT959556B,-46.99190987,-20.915809345
BMT171695801,-46.991887656,-20.917037907
BMT959374B,-46.99186839,-20.914852474
BMT959220B,-46.99180555,-20.907185339
BMT959388B,-46.991800214,-20.91551258
BMT959913B,-46.991784626,-20.909967331
BMT103181850,-46.991774811,-20.907041191
BMT959402B,-46.991738255,-20.915188163
BMT957624B,-46.991687445,-20.916435123
BMT148784183,-46.99167725,-20.914935989
BMT103184489,-46.991657193,-20.914873001
BMT171505267,-46.991652093,-20.918124452
BMT959920B,-46.991635938,-20.909625863
BMT171695817,-46.991590675,-20.917113625
BMT958023B,-46.991567356,-20.914621163
BMT958030B,-46.991516917,-20.914441119
BMT959227B,-46.991497308,-20.907134744
BMT103184496,-46.991486892,-20.914351152
BMT959927B,-46.991477759,-20.909293536
BMT957246B,-46.99144723,-20.90698179
BMT958044B,-46.991386968,-20.914063305
BMT958058B,-46.991296178,-20.913739225
BMT957778B,-46.991284083,-20.917189454
BMT103184503,-46.991275645,-20.913640116
BMT169743332,-46.991240195,-20.90877247
BMT103184510,-46.991215119,-20.913424062
BMT169743335,-46.991160117,-20.907075453
BMT957253B,-46.991129259,-20.906922275
BMT157732748,-46.991121413,-20.908511937
BMT165087152,-46.991121413,-20.908511937
BMT958345B,-46.991106301,-20.913190508
BMT6610207B,-46.991061725,-20.908359095
BMT6610032B,-46.991008236,-20.908675827
BMT959948B,-46.990972848,-20.908179498
BMT169743331,-46.990870976,-20.907015602
BMT959955B,-46.990853829,-20.907900904
BMT958359B,-46.99084777,-20.913265776
BMT103181843,-46.990811289,-20.90686276
BMT8990298B,-46.990713416,-20.908914086
BMT8990301B,-46.990708575,-20.909275409
BMT8990304B,-46.990707071,-20.909889579
BMT8990302B,-46.990703852,-20.909645762
BMT165087153,-46.990682082,-20.908724787
BMT959962B,-46.990676434,-20.907568801
BMT959248B,-46.990610905,-20.906973475
BMT169743334,-46.990538659,-20.905140891
BMT958373B,-46.990519817,-20.913179283
BMT169743329,-46.990483708,-20.906803356
BMT8990306B,-46.990445088,-20.909702968
BMT165087155,-46.990438815,-20.909955927
BMT8990307B,-46.990383969,-20.909441762
BMT6610424B,-46.990346198,-20.908764828
BMT169743330,-46.990341462,-20.90694952
BMT958387B,-46.990269107,-20.913118983
BMT169743328,-46.990254375,-20.906905377
BMT6611005B,-46.990010314,-20.908804869
BMT103181703,-46.989946134,-20.906854778
BMT958401B,-46.989921577,-20.913005622
BMT3712488B,-46.989849568,-20.911191099
BMT3814723B,-46.989796672,-20.911552981
BMT3712481B,-46.989743776,-20.911914864
BMT103184517,-46.989698626,-20.912863714
BMT3712474B,-46.989681031,-20.912258798
BMT6611026B,-46.9896647,-20.90883599
BMT964414B,-46.989647503,-20.906804067
BMT3712460B,-46.989588858,-20.912557916
BMT162325221,-46.989348872,-20.906753356
BMT6611033B,-46.989318848,-20.908849051
BMT8780578B,-46.989246071,-20.903331553
BMT8780576B,-46.989134443,-20.903612834
BMT964428B,-46.989050123,-20.906693614
BMT103185350,-46.989014255,-20.917089469
BMT103185378,-46.989014255,-20.917089469
BMT6611040B,-46.988982606,-20.908861999
BMT8780573B,-46.98897405,-20.903840494
BMT8780496B,-46.988971383,-20.905095926
BMT103185119,-46.98892184,-20.917370527
BMT162325231,-46.988917295,-20.905367506
BMT7924618B,-46.988863445,-20.905657146
BMT165461754,-46.988851347,-20.917127494
BMT165461753,-46.988830933,-20.917037415
BMT162325232,-46.988814133,-20.904104274
BMT3803117B,-46.988800342,-20.905973989
BMT970385B,-46.988769813,-20.916776209
BMT162325230,-46.988747563,-20.906344902
BMT162325220,-46.988722781,-20.906652267
BMT8724092B,-46.988713755,-20.908883193
BMT8780562B,-46.988682366,-20.905045101
BMT165461752,-46.988669535,-20.916461269
BMT8780563B,-46.988614262,-20.904982673
BMT8780622B,-46.98860227,-20.904802179
BMT8780565B,-46.988598937,-20.904549331
BMT971155B,-46.988588955,-20.916182226
BMT8780570B,-46.988576502,-20.904305737
BMT971162B,-46.988508376,-20.915903183
BMT969692B,-46.988439962,-20.912173905
BMT971169B,-46.988437884,-20.91566015
BMT162325219,-46.988424032,-20.906592524
BMT971176B,-46.988357306,-20.915381107
BMT969699B,-46.988280393,-20.912464776
BMT158770611,-46.988276966,-20.915120124
BMT971330B,-46.988265115,-20.910577337
BMT964505B,-46.988173453,-20.90654125
BMT971204B,-46.98811581,-20.914562038
BMT154393996,-46.988110822,-20.911997104
BMT965940B,-46.988025146,-20.914246985
BMT971351B,-46.987957343,-20.910562857
BMT158770609,-46.987944569,-20.913967942
BMT154393998,-46.987908577,-20.910509235
BMT970672B,-46.987883436,-20.910789509
BMT965954B,-46.987854263,-20.91367998
BMT970679B,-46.987846985,-20.910211907
BMT964540B,-46.987845993,-20.906490872
BMT969930B,-46.987820482,-20.911846946
BMT3803586B,-46.987802581,-20.903926383
BMT966388B,-46.987785275,-20.909905548
BMT970686B,-46.987751509,-20.910989741
BMT966395B,-46.987734485,-20.909698411
BMT970203B,-46.987728409,-20.906320639
BMT966087B,-46.987662094,-20.909310892
BMT966101B,-46.987600623,-20.909022594
BMT154393997,-46.987591464,-20.91124449
BMT1038824B,-46.987585804,-20.90643971
BMT969944B,-46.987509969,-20.911624769
BMT6611348B,-46.987492172,-20.908816128
BMT970700B,-46.987450283,-20.911471925
BMT970210B,-46.987439271,-20.906260781
BMT158770608,-46.987433061,-20.913811326
BMT966115B,-46.987431653,-20.908600072
BMT154393995,-46.98740342,-20.911562787
BMT162325228,-46.987380574,-20.903994515
BMT966143B,-46.98735974,-20.908248674
BMT966157B,-46.987312759,-20.908330506
BMT970714B,-46.987309577,-20.911735481
BMT965996B,-46.987304195,-20.913514781
BMT162325218,-46.987287174,-20.906388995
BMT966003B,-46.987204756,-20.913263052
BMT970217B,-46.987131151,-20.906219208
BMT964260B,-46.987110612,-20.911954556
BMT964267B,-46.98709523,-20.912975313
BMT156639048,-46.987024289,-20.90394447
BMT156639047,-46.987015274,-20.903989733
BMT150253616,-46.987015274,-20.903989733
BMT1038845B,-46.987007765,-20.906338055
BMT156639049,-46.987003285,-20.903809239
BMT964274B,-46.986985943,-20.912705635
BMT966766B,-46.986941789,-20.915189856
BMT966773B,-46.986921972,-20.915144929
BMT3803166B,-46.986919794,-20.904767568
BMT964281B,-46.986876537,-20.912426926
BMT3803180B,-46.986851478,-20.905418643
BMT154393994,-46.986842827,-20.91205702
BMT970224B,-46.986793843,-20.906150879
BMT3803152B,-46.986792747,-20.905338041
BMT965695B,-46.986772812,-20.914767334
BMT964295B,-46.986767013,-20.912139187
BMT158770607,-46.986747078,-20.912085229
BMT966472B,-46.986744908,-20.911191119
BMT3803145B,-46.986719911,-20.905645965
BMT966479B,-46.986710576,-20.910044497
BMT103187254,-46.986702472,-20.915264894
BMT965478B,-46.986699526,-20.906287451
BMT3803488B,-46.986677377,-20.903876251
BMT965618B,-46.986653199,-20.914443586
BMT3803138B,-46.986647074,-20.905953889
BMT3803306B,-46.986609893,-20.904590539
BMT3654934B,-46.986590665,-20.911156787
BMT964806B,-46.986576625,-20.910091214
BMT158770606,-46.986526988,-20.912160043
BMT150679058,-46.986514554,-20.906108969
BMT965625B,-46.986514247,-20.914111031
BMT3803481B,-46.986509035,-20.904230445
BMT964813B,-46.986461564,-20.910842181
BMT965485B,-46.986439457,-20.906245317
BMT103187261,-46.986385382,-20.913814485
BMT964820B,-46.986342075,-20.910527462
BMT162325226,-46.986340573,-20.904575607
BMT965639B,-46.986275738,-20.913517716
BMT150679057,-46.986225535,-20.90605814
BMT103181710,-46.986225535,-20.90605814
BMT156513252,-46.986222705,-20.910221774
BMT965646B,-46.986176063,-20.913247925
BMT966808B,-46.986128088,-20.915443178
BMT162325224,-46.986078129,-20.904352867
BMT3803229B,-46.986073394,-20.904723221
BMT162325217,-46.986063709,-20.906177433
BMT968166B,-46.986037945,-20.912978582
BMT162325223,-46.986019301,-20.9049948
BMT2154617B,-46.985956311,-20.905320673
BMT103187275,-46.985928303,-20.912681812
BMT2154610B,-46.985893201,-20.905637515
BMT156513250,-46.985878276,-20.910343191
BMT969573B,-46.985840836,-20.915527804
BMT970287B,-46.985839464,-20.905936185
BMT103187282,-46.98583824,-20.912411909
BMT965534B,-46.98583247,-20.906134963
BMT162325216,-46.985830449,-20.905981448
BMT162325215,-46.985784181,-20.906117461
BMT156513256,-46.98571875,-20.91209719
BMT964883B,-46.985639204,-20.910436287
BMT156513255,-46.985628568,-20.911818257
BMT969594B,-46.985544092,-20.915621572
BMT968264B,-46.985529133,-20.911566526
BMT964897B,-46.985514744,-20.910473861
BMT162325214,-46.985514621,-20.906084468
BMT156513249,-46.985400153,-20.911260949
BMT156513257,-46.985274524,-20.911939785
BMT974431B,-46.985261207,-20.910928392
BMT103187247,-46.985237855,-20.915724481
BMT965562B,-46.985225603,-20.906033638
BMT156513248,-46.985141601,-20.910604642
BMT974445B,-46.985002537,-20.910263055
BMT969622B,-46.984988926,-20.915799629
BMT968257B,-46.984958803,-20.912051835
BMT965569B,-46.984869076,-20.905965528
BMT103187394,-46.984825764,-20.910707662
BMT974004B,-46.98482021,-20.90663444
BMT969650B,-46.984692656,-20.915929516
BMT974011B,-46.984662881,-20.906365318
BMT156513258,-46.984614131,-20.91215519
BMT975852B,-46.984556842,-20.912914516
BMT974494B,-46.984538638,-20.910801316
BMT975859B,-46.984536908,-20.912860558
BMT965576B,-46.984503296,-20.905924619
BMT103187240,-46.984434829,-20.916058957
BMT975866B,-46.984427268,-20.912563787
BMT974501B,-46.984409543,-20.910486707
BMT974018B,-46.9843741,-20.906332546
BMT156513259,-46.984298409,-20.912267239
BMT974515B,-46.984280329,-20.910163068
BMT103187233,-46.984186493,-20.916179255
BMT974529B,-46.984151115,-20.909839429
BMT965583B,-46.984138347,-20.905946922
BMT976188B,-46.984050183,-20.911665001
BMT974536B,-46.984021902,-20.909515789
BMT976237B,-46.983940902,-20.91139532
BMT164969740,-46.983922947,-20.909300179
BMT974550B,-46.983892334,-20.909165059
BMT1079270B,-46.983851318,-20.911161537
BMT103187499,-46.983789067,-20.906429659
BMT974116B,-46.983764145,-20.905996427
BMT974557B,-46.983722792,-20.909428947
BMT975740B,-46.98366393,-20.908607748
BMT975747B,-46.983534838,-20.908293138
BMT978589B,-46.983491744,-20.90647827
BMT977854B,-46.983437212,-20.909639993
BMT975754B,-46.983415595,-20.907996477
BMT974123B,-46.983390179,-20.906063992
BMT913853B,-46.983370696,-20.903851455
BMT164969738,-46.983296471,-20.907708847
BMT913881B,-46.983273289,-20.903753237
BMT103184678,-46.983256444,-20.903934067
BMT164969736,-46.983157652,-20.907385318
BMT977868B,-46.983151632,-20.909851038
BMT103187492,-46.983146489,-20.906536469
BMT913902B,-46.983107781,-20.903592588
BMT975782B,-46.983048258,-20.907106606
BMT913867B,-46.983028296,-20.904126381
BMT974130B,-46.983006603,-20.906131667
BMT976993B,-46.982980791,-20.910747158
BMT975789B,-46.982929135,-20.906818975
BMT913909B,-46.982922579,-20.903396041
BMT913832B,-46.982914281,-20.904227053
BMT164969741,-46.982875542,-20.910052941
BMT9023991B,-46.982832328,-20.907497475
BMT164969735,-46.982830184,-20.906603363
BMT978904B,-46.98282874,-20.904300299
BMT9024056B,-46.982811557,-20.906648738
BMT977000B,-46.982756188,-20.910478816
BMT103184636,-46.982739768,-20.9055748
BMT103184650,-46.982739768,-20.9055748
BMT974137B,-46.982690773,-20.906234682
BMT914609B,-46.982659429,-20.903119113
BMT977882B,-46.982637537,-20.910227306
BMT103184671,-46.982629184,-20.904474218
BMT160760047,-46.982603807,-20.906199565
BMT164969742,-46.982571214,-20.910300329
BMT973059B,-46.982539973,-20.905730658
BMT9023992B,-46.982516969,-20.907636612
BMT977658B,-46.982515767,-20.905351608
BMT9024170B,-46.982467963,-20.90683336
BMT978932B,-46.98242939,-20.904630075
BMT978939B,-46.982362713,-20.904676008
BMT974144B,-46.982345044,-20.906256759
BMT977903B,-46.982342582,-20.910456522
BMT973066B,-46.982311347,-20.90588685
BMT977665B,-46.982252733,-20.90508371
BMT9024171B,-46.982191165,-20.90698108
BMT9023998B,-46.982163407,-20.907794254
BMT170586502,-46.982130296,-20.906006363
BMT103184657,-46.982086868,-20.904895969
BMT974151B,-46.982086162,-20.906304921
BMT164969744,-46.98206649,-20.910658424
BMT973087B,-46.981968347,-20.906116623
BMT973815B,-46.981882208,-20.904681583
BMT9024008B,-46.981857657,-20.907933277
BMT972744B,-46.981854212,-20.906208264
BMT9024172B,-46.981818858,-20.907175065
BMT971953B,-46.981790397,-20.910860325
BMT974158B,-46.981779347,-20.906362672
BMT973822B,-46.981648481,-20.904449471
BMT972751B,-46.981595685,-20.906283517
BMT974165B,-46.981521295,-20.906474046
BMT971960B,-46.981485709,-20.911080621
BMT972758B,-46.981318769,-20.906422205
BMT974172B,-46.981282701,-20.906603257
BMT164969745,-46.981228718,-20.911273268
BMT168112682,-46.981228718,-20.911273268
BMT971974B,-46.981141867,-20.911247181
BMT972765B,-46.981099632,-20.906569254
BMT160760046,-46.981044462,-20.90675956
BMT164969746,-46.981000438,-20.91145655
BMT971988B,-46.98096603,-20.91103246
BMT972002B,-46.980790904,-20.911603488
BMT971995B,-46.980789363,-20.910754527
BMT974186B,-46.980787476,-20.906952206
BMT974319B,-46.980698836,-20.910448499
BMT974326B,-46.98060819,-20.910133441
BMT170586498,-46.980585068,-20.906909394
BMT103181619,-46.980568338,-20.907099254
BMT168112683,-46.980517782,-20.909836444
BMT974354B,-46.980308843,-20.910028532
BMT974200B,-46.980301622,-20.90728298
BMT103181591,-46.980130179,-20.90740238
BMT164270094,-46.980130179,-20.90740238
BMT972807B,-46.980108706,-20.907231027
BMT9255069B,-46.980080563,-20.910211813
BMT9255072B,-46.980071546,-20.910257076
BMT975474B,-46.980025421,-20.906744281
BMT975488B,-46.979936432,-20.907287214
BMT170586497,-46.97992777,-20.907359568
BMT974214B,-46.979892056,-20.907567711
BMT975495B,-46.979854452,-20.906899801
BMT170586499,-46.979693093,-20.907055211
BMT164270095,-46.979634593,-20.907724235
BMT170940295,-46.979613239,-20.907561911
BMT989180B,-46.979526391,-20.907535823
BMT975523B,-46.979420568,-20.90679645
BMT991028B,-46.979394099,-20.907708958
BMT164270096,-46.979358265,-20.907908071
BMT989187B,-46.979351272,-20.907375282
BMT981620B,-46.979192422,-20.906257191
BMT981613B,-46.979177349,-20.906573476
BMT989194B,-46.979166543,-20.907214852
BMT991035B,-46.979127262,-20.907883653
BMT991154B,-46.979062834,-20.90810116
BMT981634B,-46.978963199,-20.906368228
BMT170940296,-46.97893329,-20.907018857
BMT170940294,-46.978927104,-20.908012416
BMT162012195,-46.978873827,-20.908347206
BMT162012194,-46.978805962,-20.908302834
BMT162010469,-46.978767402,-20.908294249
BMT162012193,-46.978767402,-20.908294249
BMT170940292,-46.97875554,-20.908122784
BMT989215B,-46.978709765,-20.906831781
BMT989229B,-46.978678302,-20.908096584
BMT170940291,-46.97851078,-20.907782415
BMT991042B,-46.978507804,-20.908288225
BMT989250B,-46.978481119,-20.907719537
BMT989264B,-46.978362952,-20.907504145
BMT989278D,-46.978264362,-20.907315621
BMT991049B,-46.978240965,-20.908462918
BMT989320D,-46.977977593,-20.907436354
BMT989327D,-46.977643246,-20.907593765
BMT103181528,-46.977371552,-20.907398213
BMT167106071,-46.977308898,-20.907751175
BMT167106070,-46.977161309,-20.907490964
BMT103183201,-47.005182534,-20.929400053
BMT103183187,-47.004072642,-20.928347365
BMT103183173,-47.003734078,-20.928188772
BMT152825186,-47.002083315,-20.92766625
BMT103183264,-47.001144647,-20.927198585
BMT103183138,-47.001247973,-20.927016742
BMT157380586,-47.000843815,-20.926985354
BMT103183117,-46.999970058,-20.925613761
BMT103183243,-46.99931783,-20.924998222
BMT103183712,-47.009540594,-20.924607221
BMT956154B,-46.99924432,-20.924529439
BMT168542537,-46.997541638,-20.922986906
BMT103183292,-46.998453022,-20.922849795
BMT103183726,-47.004984869,-20.921770691
BMT952710B,-46.998542098,-20.921593359
BMT952010B,-46.998761116,-20.921437257
BMT103183698,-47.007957072,-20.921193861
BMT952682B,-46.998567967,-20.920644737
BMT103183306,-46.99815281,-20.919782562
BMT103183096,-46.998604166,-20.919750184
BMT103183068,-46.998277034,-20.919726919
BMT172511333,-47.011487826,-20.919255666
BMT103183054,-46.998624377,-20.919099671
BMT958478B,-46.993082387,-20.918703849
BMT170541237,-47.00003047,-20.918577434
BMT153681174,-47.002433067,-20.918540239
BMT153681175,-47.001605214,-20.9184506
BMT103183334,-47.001605214,-20.9184506
BMT958534B,-46.992673833,-20.918338321
BMT171505268,-46.991393912,-20.918226812
BMT150342199,-47.001005504,-20.918168618
BMT157621004,-46.999870945,-20.918145786
BMT166158554,-46.99350604,-20.918030561
BMT171695813,-46.994331739,-20.917957696
BMT103183005,-46.998022189,-20.917905515
BMT171505254,-46.992464841,-20.917798861
BMT103184216,-46.99267628,-20.917796394
BMT103184461,-46.996770984,-20.917784679
BMT103184384,-46.995125018,-20.917614258
BMT171695815,-46.991808199,-20.917571701
BMT105242202,-47.002266098,-20.917548722
BMT103184468,-46.996113978,-20.917530445
BMT171695805,-46.992498629,-20.917446233
BMT8829987B,-46.994045258,-20.917373987
BMT960361B,-46.996668296,-20.917289141
BMT2333334,-46.99097749,-20.917265283
BMT103185385,-46.989072873,-20.917161039
BMT970378B,-46.98878419,-20.917137307
BMT165461755,-46.989320729,-20.917004614
BMT171695811,-46.993857396,-20.916978789
BMT955293B,-46.99616387,-20.916942806
BMT103184440,-46.996375307,-20.916940334
BMT171695814,-46.994635274,-20.916924545
BMT148784185,-46.992202665,-20.916871662
BMT137744588,-46.999535937,-20.916804
BMT105242195,-47.002581947,-20.916723142
BMT150342203,-46.992795789,-20.916657013
BMT171695816,-46.99304567,-20.916654096
BMT103182935,-46.99698621,-20.916617083
BMT103182942,-46.99698621,-20.916617083
BMT103182928,-46.997388786,-20.916531089
BMT957631B,-46.991380854,-20.916510952
BMT103184398,-46.994648879,-20.916499899
BMT103182921,-46.997550254,-20.916384694
BMT153681171,-47.001288591,-20.916322853
BMT103182893,-46.997270345,-20.916297653
BMT959507B,-46.992261705,-20.91624779
BMT103184405,-46.996433253,-20.91623519
BMT959689B,-46.9970355,-20.915984293
BMT103182984,-46.998918962,-20.91594419
BMT153681170,-47.000620058,-20.915924266
BMT162474564,-46.993609658,-20.915690158
BMT103182907,-46.997857953,-20.915667596
BMT962503B,-46.994203253,-20.915511625
BMT966752B,-46.98705084,-20.915441474
BMT966801B,-46.986424832,-20.91534941
BMT103184426,-46.995575433,-20.915333024
BMT162474561,-46.99328725,-20.91529653
BMT966759B,-46.987028047,-20.915170789
BMT103185364,-46.988276966,-20.915120124
BMT103183887,-47.000695408,-20.915083444
BMT959430B,-46.991600841,-20.914973007
BMT963056B,-46.994185997,-20.914933802
BMT103182725,-46.993954982,-20.914909405
BMT103184146,-46.991657193,-20.914873001
BMT971197B,-46.988206118,-20.914849999
BMT103183376,-46.996682618,-20.914742056
BMT103183425,-46.998508761,-20.914729724
BMT962188B,-46.993749097,-20.914604734
BMT162474562,-46.996295561,-20.914547886
BMT103183859,-47.001312787,-20.914525281
BMT103183432,-46.998025236,-20.914509592
BMT103183838,-47.001408653,-20.914506094
BMT103182718,-46.994007152,-20.914493341
BMT103182865,-46.996610918,-20.914408725
BMT103182872,-46.996341701,-20.914402841
BMT954803B,-46.999176954,-20.9143787
BMT103184111,-46.997965777,-20.914374813
BMT952528B,-46.998570288,-20.914295486
BMT961929B,-46.995061335,-20.914255236
BMT103182704,-46.993254058,-20.914240216
BMT962181B,-46.993751064,-20.914026686
BMT172594534,-46.999306114,-20.913970765
BMT165460788,-46.993538556,-20.913947882
BMT103183516,-47.000006968,-20.913908368
BMT158770610,-46.987155543,-20.913904873
BMT103183397,-46.998361403,-20.913765065
BMT962643B,-46.994621091,-20.913673323
BMT103184097,-46.998454875,-20.913565276
BMT952304B,-46.998858519,-20.913560551
BMT103182774,-46.995156296,-20.91344128
BMT153681178,-47.003479633,-20.913388984
BMT962398B,-46.994317906,-20.913279473
BMT103183530,-47.000027054,-20.913248825
BMT156513260,-46.984656039,-20.913148187
BMT103182795,-46.997065211,-20.913148016
BMT103182571,-46.99772786,-20.913104139
BMT103183418,-46.99772786,-20.913104139
BMT103183537,-47.001734132,-20.912957874
BMT103182781,-46.995187687,-20.912908047
BMT103183474,-46.99902205,-20.912845139
BMT103184524,-46.989513761,-20.912694266
BMT154394001,-46.988158314,-20.912682958
BMT103187268,-46.985928303,-20.912681812
BMT103182788,-46.994300053,-20.912656498
BMT172511331,-47.005727052,-20.912531694
BMT103183600,-47.005727052,-20.912531694
BMT103187310,-46.985531891,-20.912505788
BMT154995191,-47.005695457,-20.912324338
BMT103187296,-46.986220759,-20.912262954
BMT103187289,-46.986220759,-20.912262954
BMT103187303,-46.98571875,-20.91209719
BMT963987B,-46.992456444,-20.912072899
BMT103187527,-46.986842827,-20.91205702
BMT976181B,-46.984179279,-20.911979609
BMT964309B,-46.98667683,-20.911860255
BMT165460786,-46.993078023,-20.911830823
BMT164969747,-46.980533792,-20.911787104
BMT103182536,-46.997025177,-20.911576982
BMT113436584,-47.005347922,-20.911488482
BMT103183565,-47.004713515,-20.911486899
BMT970728B,-46.987238971,-20.911483416
BMT1040518B,-47.001934549,-20.911402089
BMT103182543,-46.99653062,-20.911248594
BMT165316716,-46.992349242,-20.911234207
BMT113436598,-47.00590184,-20.911220061
BMT103184083,-46.998221337,-20.91117463
BMT156513254,-46.986878384,-20.911108282
BMT945080B,-47.004938881,-20.911086863
BMT164969743,-46.98309968,-20.911016728
BMT109910460,-47.001477106,-20.910973934
BMT156513261,-46.983761972,-20.910945814
BMT165573489,-46.99220067,-20.91090177
BMT103182515,-46.996689333,-20.910894505
BMT103184531,-46.989883243,-20.91082944
BMT945024B,-47.005453998,-20.910791804
BMT156513245,-46.984825764,-20.910707662
BMT949476B,-47.006192673,-20.91068378
BMT154394000,-46.988554619,-20.910664283
BMT119894077,-46.992052457,-20.910596423
BMT949469B,-47.006219461,-20.910529929
BMT103183593,-47.00333504,-20.910464442
BMT154995190,-47.00333504,-20.910464442
BMT119894070,-46.993117303,-20.910439492
BMT168112685,-46.980091953,-20.910347157
BMT103181815,-46.991923346,-20.910281821
BMT943484B,-47.003101393,-20.910241393
BMT109916158,-47.001419225,-20.91023402
BMT977896B,-46.982531704,-20.910219503
BMT103184055,-46.997621343,-20.910143013
BMT944079B,-47.00389677,-20.910060461
BMT171679207,-46.997072117,-20.910041057
BMT165087157,-46.99015098,-20.909995408
BMT156513253,-46.986901951,-20.909979049
BMT156513251,-46.984882695,-20.909921244
BMT103183957,-47.003845718,-20.90983527
BMT943337B,-47.004392544,-20.909756601
BMT161166705,-46.999747175,-20.90954011
BMT168112684,-46.980427137,-20.909521386
BMT165087156,-46.990154154,-20.909507662
BMT7819107B,-47.000053147,-20.909419116
BMT113436605,-47.005858593,-20.909414251
BMT109916179,-47.003157149,-20.909373705
BMT974564B,-46.98398915,-20.909218124
BMT161166707,-46.99953985,-20.909127083
BMT7819639B,-46.999816991,-20.909006427
BMT959934B,-46.991309614,-20.908934231
BMT128243432,-47.00352607,-20.908926829
BMT7819723B,-46.999027513,-20.90890729
BMT165087154,-46.988492717,-20.908885766
BMT7819954B,-46.999553203,-20.908684378
BMT170940293,-46.977936039,-20.908665147
BMT6609899B,-46.991180625,-20.908628659
BMT164270097,-46.978490834,-20.908460024
BMT169743338,-46.99433041,-20.908411274
BMT162012196,-46.978912742,-20.908382882
BMT152618806,-47.006151945,-20.908345077
BMT154393999,-46.987072264,-20.908315241
BMT164969739,-46.981542416,-20.908081442
BMT167073105,-46.997593948,-20.908075091
BMT103182186,-46.996996679,-20.907973696
BMT169743344,-46.995265046,-20.90785846
BMT169743341,-46.994688075,-20.907838104
BMT103182627,-46.993707115,-20.907795368
BMT164142599,-46.97851078,-20.907782415
BMT160915103,-46.977161309,-20.907490964
BMT170586496,-46.979784802,-20.907451542
BMT103181605,-46.979784802,-20.907451542
BMT7819268B,-46.998786248,-20.90738377
BMT164969737,-46.981542178,-20.907331814
BMT127845132,-47.004388847,-20.907309081
BMT103181878,-46.993517836,-20.907291806
BMT959969B,-46.99049892,-20.907227667
BMT103181864,-46.993776117,-20.907198474
BMT103182172,-46.996159562,-20.907179667
BMT103182025,-46.995226419,-20.907118317
BMT152618805,-47.006615993,-20.907102298
BMT170940298,-46.980568338,-20.907099254
BMT103182179,-46.997052231,-20.907087947
BMT972800B,-46.980327844,-20.907083979
BMT169743333,-46.991160117,-20.907075453
BMT960221B,-46.996445237,-20.906977632
BMT161227280,-46.993984198,-20.906943159
BMT161166708,-47.000327855,-20.906941236
BMT103187506,-46.984919877,-20.906904232
BMT103181829,-46.990811289,-20.90686276
BMT162325222,-46.989946134,-20.906854778
BMT158875689,-46.999009471,-20.906821197
BMT972779B,-46.9808328,-20.906743951
BMT103181899,-46.99351921,-20.906668606
BMT170940297,-46.978486123,-20.906635674
BMT2129389B,-46.99269202,-20.906624069
BMT957344B,-46.994632554,-20.906547228
BMT103187478,-46.983146489,-20.906536469
BMT957330B,-46.994882298,-20.90653528
BMT170586500,-46.980272323,-20.906515626
BMT164593614,-46.996313372,-20.906455339
BMT152967004,-46.9827603,-20.906405477
BMT164969734,-46.9827603,-20.906405477
BMT978540B,-46.984086389,-20.906381047
BMT150679059,-46.988007818,-20.906371577
BMT960459B,-46.995869991,-20.906361172
BMT2129368B,-46.992890373,-20.906359837
BMT150669823,-46.988747563,-20.906344902
BMT965541B,-46.985784895,-20.906171643
BMT170586501,-46.979412035,-20.906146266
BMT103181640,-46.985514621,-20.906084468
BMT970245B,-46.985965348,-20.906006975
BMT957288B,-46.990540252,-20.905989848
BMT970252B,-46.985705279,-20.90596484
BMT103182144,-46.995353367,-20.905816278
BMT103182123,-46.99548743,-20.905778586
BMT103182270,-46.998476045,-20.905734613
BMT150679060,-46.987226987,-20.905468464
BMT170586503,-46.982920936,-20.905464317
BMT103181913,-46.994588914,-20.905427815
BMT960501B,-46.995183425,-20.905321523
BMT956896B,-46.999430945,-20.905262825
BMT164593617,-46.996440669,-20.90518039
BMT103181948,-46.99381605,-20.905129762
BMT103182214,-46.999245243,-20.905030177
BMT103181941,-46.995351747,-20.904967323
BMT162325227,-46.987295539,-20.90483545
BMT2129669B,-46.994740701,-20.904549973
BMT103182284,-47.000716201,-20.904335583
BMT103184664,-46.981424246,-20.904208216
BMT162325225,-46.985835381,-20.904166024
BMT103182487,-46.997108514,-20.904079756
BMT913888B,-46.983497526,-20.903994489
BMT156639050,-46.987002571,-20.903755057
BMT913860B,-46.98346549,-20.903751006
BMT162325229,-46.988117093,-20.903724026
BMT103181955,-46.995142942,-20.903714364
BMT169978148,-47.000880435,-20.903674351
BMT103182494,-46.996179861,-20.903629997
BMT2130166B,-46.996722966,-20.903271416
BMT162325233,-46.98926148,-20.90304236
BMT103182417,-46.999823615,-20.90298226
BMT103182235,-46.997824279,-20.902969528
BMT103184685,-46.982464381,-20.902904616
BMT103182312,-46.997510783,-20.902521612
BMT953494B,-47.001209979,-20.902433159
BMT157954726,-47.000430743,-20.902379065
BMT103182368,-46.999253076,-20.90199546
BMT103182333,-46.999192066,-20.901743288
BMT7446840B,-46.999649865,-20.901476013
BMT157954643,-47.000205916,-20.901370156
BMT103182438,-46.997559517,-20.901121139
BMT955531B,-47.000019499,-20.901083326
BMT2303269,-47.000975684,-20.900710865
BMT157954769,-46.999500128,-20.900330749
BMT103182480,-46.99596315,-20.90032695